,title,text
0,Герой спецоперации «Z» Владимир Лейпожих прикрыл расчет орудия,"Ефрейтор Андрей Бутин и Сержант Владимир Лейпожих Продолжаем знакомить с героями спецоперации «Z» - участниками боевых действий на Донбассе. Рядовыми, сержантами, ефрейторами и офицерами, которые проявили характер и выполнили боевые задачи. Их решимости, напористости и боевому опыту в Минобороны России дают самую высокую оценку. Наши герои сорвали атаки и предотвратили контрнаступления националистов, за что и получили государственные награды. Но служат они не ради похвал и наград. Военнослужащие уверены, что у врага нет шансов на успех, потому что Донбасс и Россия сражаются за правое дело. «Кто хорош для первой роли, не годен для второй!», - говорил генералиссимус Александр Суворов, который не проиграл ни одного сражения. А воинов учил предугадывать события: «Великие приключения начинаются, от малых причин». Ефрейтор Андрей Бутин «На одном из тактических направлений проведения специальной военной операции ефрейтор Андрей Бутин в ходе наступательных действий выполнял боевую задачу по снабжению штурмовых подразделений вблизи линии боевого соприкостновения. Под интенсивным минометным огнем противника Бутин, применяя накопленный опыт, обеспечил подвоз продовольствия и боеприпасов на позиции подразделений своего мотострелкового батальона. Военнослужащий сохранил вверенную технику и жизни личного состава, доставив необходимое количество провизии и боекомплекта. Благодаря грамотным и умелым действиям ефрейтора Андрея Бутина была обеспечена боеспособность подразделения, что в свою очередь способствовало своевременному выполнению поставленной боевой задачи». Сержант Владимир Лейпожих «Командир артиллерийского орудия сержант Владимир Лейпожих выполнял боевую задачу по оказанию огневой поддержки наступающих штурмовых групп на одном из тактических направлений проведения специальной военной операции. Владимир организовал бесперебойную работу расчета вверенного орудия в условиях интенсивного огневого воздействия ударных дронов противника. В ходе выполнения боевой задачи расчет уничтожил укрепленные позиции и личный состав ВСУ. Благодаря мужеству и профессионализму сержанта Владимира Лейпожиха и его личного состава, а также слаженной работе военнослужащих, поставленная боевая задача выполнена в полном объеме и без потерь личного состава, а наши штурмовые группы продвинулись вглубь обороны противника и заняли более выгодные рубежи». СЛУШАЙТЕ ТАКЖЕ Россия и Украина почти договорились"
1,Глава военной разведки Украины Буданов* сделал неожиданное признание,"Глава военной разведки Украины Буданов* сделал неожиданное признание Фото: GLOBAL LOOK PRESS. Внесенный в России в список террористов и экстремистов глава военной разведки ГУР Минобороны Украины генерал Кирилл Буданов* решил появиться на публике и дал интервью журналистам местных СМИ. В принципе, в большей части беседы один из главных украинских террористов ничего нового не сказал – он повторил известную украинскую мантру, что Россия готовится напасть на Европу. Правда, перенес сроки с 2030 года на 2027-й. Причем страны Балтии Москва якобы намерена оккупировать, а вот по Польше просто нанести ракетно-бомбовые удары в ходе военной кампании, но без захвата. При этом Буданов* является категорическим и принципиальным противником любых территориальных уступок Украины России. Кроме того, Буданов* признал, что Украина «критически зависит от США». Правда, по его словам, всего по двум направлениям. - Мы критически зависим в смысле космической съемки, радиолокационной и оптической. Второе — это раннее оповещение о баллистической угрозе. Всё. – рассказал украинский террорист и похвалился. - Остальное у нас свое. Ну да, может, предлагает еще верить ему на слово. То-то Зеленский попрошайничает буквально обо всех видах вооружения. Выпросил танки «Абрамс» у Австралии, клянчит старые «МиГи» у Польши, на коленях буквально чуть ли не лбом бьется за ЗРК «Пэтриот». И так буквально про всё. Зеленский попрошайничает буквально обо всех видах вооружения. Например, клянчит старые «МиГи» у Польши Фото: REUTERS. Впрочем, одну важную, по-настоящему важную вещь террорист Буданов* все-таки сказал. Он признался, что Украина провалила свою мобилизацию вовсе не из-за усилий России по ее срыву. - Главная ошибка, сугубо на мой взгляд, – наглухо проигранная медийная кампания. Просто наглухо. Которая позволила, скажем так, поднять градус в вопросах мобилизации. Мы все обвиняем Российскую Федерацию, но их влияние не так велико, как всем кажется, - заявил Буданов*, объяснив, что для провала мобилизационной кампании «все делалось отсюда», внутри страны, «иногда осмысленно, из-за собственных амбиций определенных людей, иногда необдуманно», и повторил снова. - Мы же сами разрушили свою мобилизацию. Кто бы там что ни говорил обратное, это не так. Мы сами ее разрушили. Примечательное признание, но, к сожалению, совершенно не полное, а значит, и не совсем честное. Вернее, совсем не честное. Потому что медийка, как ее называет украинский военный террорист, лишь отражает те процессы, которые и без нее происходят в обществе. Главный провал совершила сама украинская власть, которая превратила ТЦК в инструмент репрессий против украинского народа, сформировала тем самым гигантскую ненависть в отношении ТЦКшников у украинского населения. Принудительные силовые задержания, избиения и убийства в ТЦК, облавы на улицах – это и многое другое обеспечило провал украинской мобилизации так, как не смогла бы никакая спецпропаганда противника. Принудительные силовые задержания, избиения и убийства в ТЦК, облавы на улицах – это и многое другое обеспечило провал украинской мобилизации Фото: REUTERS. И после этих откровений, с учетом того, что террориста Буданова* ни в коем случае не следует считать даже в самом сказочном сне «голубем мира» (та еще скотина и сволочь), возникает вопрос, с какой целью он сделал пусть и наполовину честные, но такие откровенные заявления. А ответ здесь может лежать в той плоскости, что Буданов* решил сделать частично честные признания, чтобы повысить у населения уровень доверия лично к себе. И нужно это ему не для того, чтобы повысить свой рейтинг перед выборами президента Украины. Как он сам признался, отвечая на вопрос о том, будет ли сам на них баллотироваться: «Так конкретно я еще не подходил к такому вопросу. Не думал. Не уверен, что с этим вопросом мы столкнемся прямо сейчас». Если не выборы, то зачем. И есть лишь один вариант, чтобы «честному» Буданову* население поверило, когда он после ужесточения «могилизации», которое неминуемо последует после выделения дополнительного финансирования Европой, объяснит, что это действительно необходимо для защиты страны от «ахрессора», а вовсе не политиканство Зеленского, который ведет страну к финалу в виде «последнего украинца». * - внесен в список террористов и экстремистов Росфинмониторинга. ЧИТАЙТЕ ТАКЖЕ У Зеленского нет шансов остаться у власти после выборов на Украине: все стало ясно после заявления Путина Зеленский – лишь симптом болезни Украины: о чем говорят странные выводы украинских социологов Европа взвалила Украину на собственную шею: Не треснет ли она под ярмом СЛУШАЙТЕ ТАКЖЕ Россия и Украина почти договорились"
2,Минобороны России сообщило об освобождении сел Высокое и Светлое,"Минобороны России сообщило об освобождении сел Высокое и Светлое Фото: Григорий КУБАТЬЯН. Перейти в Фотобанк КП Официальный представитель Минобороны России Игорь Конашенков на прошедшем брифинге сообщил об освобождении двух сел. Подразделения группировки войск «Север» в результате решительных действий освободили населенный пункт Высокое Сумской области, а подразделения группировки войск «Центр» выбили противника из села Светлое Донецкой Народной Республики, после чего продолжили зачистку окруженного противника в донецком городе Димитров. Также стали известны потери ВСУ за минувшие сутки. Так, подразделения группировки войск «Север» уничтожили более 200 украинских военнослужащих, подразделения группировки войск «Запад» — 240, «Южной» группировки — 265, «Центр» — 525, «Восток» — 260, «Днепр» — 65. Кроме 1555 украинских боевиков и иностранных наемников, главком ВСУ Сырский за 24 часа лишился: 22 полевых складов с боеприпасами и горючим, танка, 12 бронемашин (включая бронетранспортер «Stryker» производства США), семи орудий (в том числе 155-мм самоходная артиллерийская установка «Paladin» производства США), семи станций РЭБ и 99 автомобилей. Армейской авиацией, ударными беспилотниками, ракетными войсками и артиллерией нашей группировки войск было нанесено поражение предприятию военной промышленности Украины, объектам энергетики, транспортной и складской инфраструктуры, используемым в интересах ВСУ, колоннам военной техники, местам сборки, хранения и запуска беспилотных летательных аппаратов дальнего действия, а также пунктам временной дислокации украинских вооруженных формирований и иностранных наемников в 152-х районах. Генерал-лейтенант Конашенков отметил хорошую боевую работу подразделений противовоздушной обороны, средствами которых за сутки были сбиты четыре американских реактивных снаряда системы залпового огня HIMARS, управляемая ракета большой дальности «Нептун» и 118 ударных дронов ВСУ самолетного типа. БОЕВАЯ СВОДКА Всего с начала проведения специальной военной операции уничтожены: 669 - самолетов. 283 - вертолета. 103 985 - дронов. 640 - ЗРК. 26 619 - танков и бронемашин. 1 633 - РСЗО. 32 038 - орудий. 49 546 - единиц спецтехники. СЛУШАЙТЕ ТАКЖЕ Россия и Украина почти договорились"
3,Герой спецоперации «Z» Айбулат Хамзин взял с ходу опорник,"Старшина Басанг Слинкин и Младший сержант Айбулат Хамзин Продолжаем знакомить с героями спецоперации «Z» - участниками боевых действий в зоне специальной военной операции. Рядовыми, сержантами, ефрейторами и офицерами, что проявили характер и выполнили боевые задачи. Их решимости, напористости и боевому опыту в Минобороны России дают самую высокую оценку. Наши герои сорвали атаки и предотвратили контрнаступления националистов, за что и получили государственные награды. Но служат они не ради похвал. Военнослужащие уверены, что у врага нет шансов на успех, потому что Донбасс и Россия сражаются за правое дело. «Никогда не презирайте вашего неприятеля, каков бы он ни был, и хорошо узнавайте его оружие, его образ действовать и сражаться. Знай в чем его сила и в чем слабость врага», - говорил генералиссимус Александр Суворов, который не проиграл ни одного сражения. А воинов учил: «Скорость нужна, а поспешность вредна». Старшина Басанг Слинкин «Выполняя боевую задачу по охране района действий артиллерии старшина Басанг Слинкин вел наблюдение за подходами к позициям с замаскированного наблюдательного пункта. В ходе ведения наблюдения Слинкин обнаружил передвижение группы бойцов ВСУ. Проанализировав маршрут движения группы диверсантов противника, старшина доложил по радиосвязи о движении противника, а сам скрытно переместился на более выгодную огневую позицию. Дождавшись выхода диверсантов на открытую местность, точным огнем уничтожил двоих диверсантов. В завязавшемся бою диверсанты начали отступать, бросив убитых. Благодаря смелым и решительным действиям старшины Басанга Слинкина противника понес потери в живой силе, а замаскированные позиции российской артиллерии не были раскрыты». Младший сержант Айбулат Хамзин «Штурмовая группа под командованием младшего сержанта Айбулата Хамзина получила задачу захватит укрепленный опорный пункт противника. Скрытно выдвинувшись в направлении позиций противника малыми группами, российские штурмовики сосредоточились, укрываясь в складках местности вблизи опорного пункта националистов незамеченными. Оценив обстановку и разведав огневые точки противника, Хамзин разделил штурмовую группу. Часть российских штурмовиков скрытно выдвинулась в обход позиции противника. Заняв условленные позиции, Айбулат подал условный сигнал. Первая группа атаковала противника и связала его боем. Вторая группа штурмовиков во главе с Хамзиным неожиданным броском атаковала с тыла. Ворвавшись на позиции противника, группа оперативно уничтожила украинских боевиков. Благодаря смелым и грамотным действиям младшего сержанта Айбулата Хамзина был захвачен укрепленный пункт украинских боевиков с минимальными потерями и уничтожено более 10 украинских боевиков, что позволило штурмовой группе закрепится и дождаться подкрепления для продолжения наступательных действий с выгодного укрепленного рубежа». СЛУШАЙТЕ ТАКЖЕ Россия и Украина почти договорились"
4,Херсонские школьники встретили десантников аплодисментами," Фото: Министерство обороны РФ. В Херсонская область в рамках Года защитника Отечества проведена военно-патриотической акции «Герои нашего времени». Мероприятие организовано Командованием Воздушно-десантных войск и группировки войск «Днепр» при взаимодействии с органами власти новых регионов России. «Для школьников была развернута выставка современного вооружения, экипировки и снаряжения, применяемого десантниками в ходе специальной военной операции. Ученики смогли не только ознакомиться с образцами, но и пообщаться с воинами-десантниками, а также попробовать себя в роли операторов БПЛА и освоить основы первой помощи в полевых условиях», - комментируют кадры в Минобороны России. Школьники получили возможность полетать по коридорам на беспилотниках и даже покататься верхом на боевом роботе. Перед учащимися выступил заместитель командующего ВДВ и группировки войск «Днепр» по военно-политической работе генерал-лейтенант Виктор Купчишин, передавший приветствие от командующего, Героя России генерал-полковника Михаила Теплинского. Разведчики, саперы и связисты подразделений ВДВ России рассказали детям о боевой работе российских десантников, военных учебных заведениях Минобороны России. Завершилось мероприятие концертом фронтовой творческой бригады ВДВ, которая исполнила для учащихся классические и современные патриотические песни. Акция «Герои нашего времени» продолжит свою работу в учебных заведениях ДНР, Запорожской и Херсонской областей. СЛУШАЙТЕ ТАКЖЕ Россия и Украина почти договорились"
5,Пережил клиническую смерть: боец «Надежда» вытащила добровольца с того света," Фото: Министерство обороны РФ. Представитель Главного организационно-мобилизационного управления Генерального штаба ВС РФ генерал-майор Александр Туляганов вручил медали «Воин-доброволец» военнослужащим отряда «БАРС-33» имени В.Ф. Маргелова группировки войск «Днепр» в Херсонской области. Генерал поблагодарил добровольцев за эффективную боевую работу в зоне СВО, пожелал им успешного выполнения поставленных задач. «Каждый из нас должен внести какой-то вклад, какую-то лепту, какой-то кусочек для нашей будущей Победы, для нашей страны, поэтому каждый из нас должен что-то вкладывать, я тоже вкладываю какой-то кусочек своего труда в нашу победу. Спасла бойца, который был в состоянии клинической смерти. Его привезли к нам без признаков жизни, мы много времени боролись за его жизнь и сумели эвакуировать его в госпиталь. Он остался жить», - рассказала командир отделения медицинского взвода с позывным «Надежда». С «Надеждой» были награждены еще 39 воинов-добровольцев, выполняющих боевые задачи в зоне проведения спецоперации и отслужившие два и более контрактов. «Наверное, это для любого важно, любое внимание. Это не только медаль, это признание наших родственников, народа, ради которого мы здесь. Да, в любом случае это важно, важно для себя где-то в глубине души, это очень приятно», - добавил командир комендантского взвода с позывным «Беркут». Сразу после награждения военнослужащие вернулись на свои позиции для дальнейшего выполнения поставленных боевых задач. СЛУШАЙТЕ ТАКЖЕ Россия и Украина почти договорились"
6,"""Когда берем пленных, предлагаем им снять повязки - иначе их атакуют их же дроны"": Десантник «Трофим» рассказал об отношении ВСУ к попавшим в плен бойцам"," Фото: Министерство обороны РФ. Минобороны России демонстрирует кадры боевой работы оператора БПЛА подразделения войск беспилотных систем 56-го гвардейского десантного-штурмового полка Новороссийского гвардейского горного соединения ВДВ из состава группировки войск «Север». «Так, в ходе ведения ночной воздушной разведки, оператором разведывательного дрона было обнаружено передвижение личного состава ВСУ, который пытался провести ротацию личного состава на передовых позициях, а затем укрыться в лесополосе», - комментируют кадры в Минобороны России. После проведения доразведки, расчетам БПЛА поступила команда на взлет и уничтожение обнаруженных целей. В кратчайший срок методично наши воины уничтожили до отделения пехоты ВСУ, сорвав ротацию подразделений на линии боевого соприкосновения. Кадры объективного контроля зафиксировали поражение и уничтожение целей. «Когда берем в плен украинских военнослужащих, предлагаем им снимать повязки. Иначе их первыми атакуют украинские дроны. Прямо в них врезаются. Мы с каждым днем повышаем свою квалификацию», - отметил военнослужащий штурмового подразделения ВДВ с позывным «Трофим» Несмотря на сложные условия и противодействие вражеских систем РЭБ, расчёты БПЛА квадрокоптерного типа со сбросами продолжают выполнять поставленные задачи и наносить огневое поражение живой силе противника. Наши воины продолжают уничтожать личный состав ВСУ в Сумской области, отодвигая их от границ России в Курской области. СЛУШАЙТЕ ТАКЖЕ Россия и Украина почти договорились"
7,"Как Путин оценил резервы ВСУ, кем Зеленский окрестил президента Польши, сколько погибших оказалось на обмене: последние новости о происходящем вокруг Украины","Фото: Илья Аверьянов/ТАСС Владимир Путин на Прямой линии «Итоги года 2025» сообщил о том, что у ВСУ подходят к концу резервы. Президент дал оценку стремлению укаринской армии вернуть потерянные города: «Попытки любой ценой вернуть утерянные позиции, как это сейчас делается, например, в районе Красноармейска, успеха не имеют. В результате эффективных действий наших войск противник понес очень серьезные потери в стратегических резервах. Их практически не остается. И это очень существенный элемент, который должен, я надеюсь, побуждать киевский режим решать все спорные вопросы и заканчивать этот конфликт мирными средствами. Думаю, у них резервов не осталось почти». Главное, чтобы никто в Киеве их «Верховному главнокомандующему» об этом не проговорился. Президент России Владимир Путин во время ""Прямой линии"" Фото: Владимир ВЕЛЕНГУРИН. Перейти в Фотобанк КП Владимир Зеленский все с меньшей охотой возвращается на родину. Теперь вот заглянул в Варшаву, где перепутал имя президента Польши Кароля Навроцкого. Обсуждая темы переговоров с польским коллегой, глава киевского редима небрежно бросил:«Мы говорили об этом сегодня с Карлом». Сам же оболганный Навроцкий после встречи отметил, что Киев почему-то разочарован уровнем польской поддержки. Ни усилия по поставке техники, ни многомиллиардная помощь, оказанная киевскому режиму, не были должным образом им оценены. Навроцкий донес этот посыл Зеленскому во время «твердой, но вежливой и джентльменской беседы» в Варшаве. С 2022 года Польша потратила на помощь Украине 4,99% своего валового внутреннего продукта. А этим хуторянам все мало. 35 вагонов со строительным мусором с Украины задержали и вернули в незалежную польские власти (может, это они за Карла?). Радиостанция RMF24 сообщила, что отходы пытались ввезти под видом металлолома. Представитель польской таможни Юстина Пасечиньская отметила: у отправителя не было документов на ввоз всякой самостийной дряни. При проверке на погранпереходе «Дорохуск» в составе, где было полторы тысячи тонны мусора, были свалены использованные автозапчасти, монтажная пена, обрывки кабелей и текстильные изделия, обломки пластиковых предметов. Прокуратура города Люблин начала расследование по факту контрабанды отходов. А что там расследовать — вывалить всю эту дрянь на контрольно-следовую полосу — пусть разгребают. Премьер Словакии Роберт Фицо на саммите ЕС в Брюсселе сообщил, что его страна больше не будет выделять средства на военные нужды Украины. Он уточнил, что Братислава прекращает участие в любых военных кредитах Киеву, включая выделение ресурсов самой Словацкой Республики. Премьер добавил, что Зеленский прежде всего нацелен на получение оружия, не задумываясь о том, кто за него будет платить. Фицо считает, что глава киевского режима больше заинтересован в поставках вооружения, чем в поиске путей завершения конфликта. Вообще-то он всегда был больше заинтересован в кэше. Владимир Мединский, помощник президента РФ и глава РВИО, в своем ТГ-канале сообщил, что Россия передала Украине тела одной тысячи погибших украинских военных. Российской стороне были возвращены тела 26 погибших российских военнослужащих. Данный обмен состоялся в соответствии с договоренностями, достигнутыми в Стамбуле. Ранее глава МИД Сергей Лавров заявлял, что в уходящем году Россия передала на Украину свыше 9 тысяч трупов военнослужащих ВСУ, а взамен нам выдали 143 тела российских бойцов. И дело не только в том, что мы их павших подбираем, а они бросают даже своих... У Зеленского большое горе. Во время общения со СМИ в соседней стране он признал, что российский «Орешник» уничтожить нельзя. О чем он предупреждал европейских и американских партнеров, рассказав о возможностях этого супероружия. И показав им, во что «Орешник» превратил днепропетровский «Южмаш». Единственным возможным способом обезопасить себя от этой ракеты Зеленский считает...санкции против предприятий, задействованных в цепочке производства «Орешника». Главу киевского режима изумило то, что западные партнеры вяло отреагировали на его предложения. А говоря о дальности этих ракет он указал, что ""в числе потенциально уязвимых стран и Польша, и Германия"". Как-то неубедительно он их испугал... Владимир Зеленский Фото: REUTERS. За неделю группировка войск «Север» выбила из рядов ВСУ свыше 1 425 боевиков. Поражены 6 бронемашин, 74 автомобиля, 5 орудий полевой артиллерии, боевая машина РСЗО«Град». Сожжены 7 станций РЭБ, 11 складов боеприпасов и материальных средств. Группировка войск «Запад» освободила Новоплатоновку в Харьковской области. Потери противника за это время составили более 1 515 военнослужащих. Подбиты два танка, 21 бронемашина, 106 автомобилей, хорватская установка РСЗО Heron и 10 орудий полевой артиллерии. Утилизированы 6 станций РЭБ и 29 складов боеприпасов. От действий Южной группировки за семь дней потери украинских вооружённых формирований составили свыше 1 310 бойцов. Отправлены на металлолом танк, 16 бронемашин, 91 автомобиль и 17 орудий полевой артиллерии. Уничтожены 4 станции РЭБ, 26 складов боеприпасов и материальных средств. За этот же период группировка войск «Центр» выбила из рядов ВСУ более 3505 человек, три танка, 25 бронемашин, 39 автомобилей, РСЗО «Град» и 20 орудий полевой артиллерии. Группировка войск «Восток» освободила Песчаное и Герасимовку в Днепропетровской области и Варваровку в Запорожской области. ВСУ потеряли свыше 1 795 бойцов, 4 танка, 20 бронемашин, 64 автомобиля, 7 орудий полевой артиллерии, три станции РЭБ и 9 складов боеприпасов и материальных средств. За семидневку группировка войск «Днепр» уничтожены до 370 националистов. Сожжены две бронемашины, 93 автомобиля, 19 орудий полевой артиллерии, 7 станций РЭБ и 18 складов боеприпасов и материальных средств. Силы ПВО сбили за неделю 9 управляемых авиабомб, оперативно-тактическую ракету «Гром-2», 20 снарядов РСЗО HIMARS, две ракеты большой дальности «Нептун» и 1689 беспилотников самолётного типа. СЛУШАЙТЕ ТАКЖЕ Россия и Украина почти договорились"
8,После прямой линии с президентом орловскому ветерану СВО выплатят три миллиона,"Фото: фонд ""Защитники Отечества"" Для защитников Отечества, столкнувшихся с бюрократическими преградами, традиционное общение Владимира Путина с гражданами часто становится решающим шансом. История орловского ветерана — яркий пример того, как механизм решения проблем, запущенный в преддверии прямой линии, способен восстановить справедливость. Орловец Алексей Гущин несколько лет не мог получить выплату после ранения. Мобилизованный в 2022 году, он служил штурмовиком в 59-м танковом полку. В бою молодой человек получил тяжелое ранение осколочно-фугасным снарядом, повредившее обе ноги. После лечения и демобилизации в ноябре 2024 года он столкнулся с неожиданной преградой: оформление единовременной выплаты в три миллиона рублей затянулось из-за отсутствия некоторых документов из воинской части. – Я решил обратиться к Владимиру Владимировичу, потому что мне посоветовали координаторы фонда «Защитники Отечества». Помогли записать мое обращение и отправить по адресу, – рассказал «Комсомолке» бывший участник спецоперации. Ситуация разрешилась оперативно после подключения к вопросу активистов Общероссийского народного фронта. Выплата была начислена, и теперь Алексей Гущин ожидает поступления денег. Таким образом, проблема нашла решение еще до эфира, благодаря отработанному механизму обработки обращений. – Спасибо, что заметили мой вопрос и помогли решить его, – обращается Алексей к президенту России. Полученные средства ветеран планирует направить на благоустройство жизни: покупку квартиры для семьи, ремонт старого дома и получение высшего образования в Орловском государственном аграрном университете. Губернатор Орловской области Андрей Клычков прокомментировал ситуацию, отметив, что задержка возникла на уровне взаимодействия Минобороны и воинской части, в то время как региональная выплата была перечислена своевременно. – Задержка произошла в процессе взаимодействия финансового блока Минобороны и части, где служил боец. Региональную выплату боец получил вовремя, – подчеркнул губернатор Орловской области Андрей Клычков. На фоне этой истории во время программы «Итоги года с Владимиром Путиным» было отмечено снижение числа обращений от военнослужащих и их семей по сравнению с прошлыми периодами. Основными темами остаются вопросы задержки выплат и поиска пропавших без вести. Путин ответил на вопрос «Комсомольской правды» о программе «Время героев»: «У них всё получается! Я очень рад за ребят!» Мать двоих детей, записавшая обращение к Владимиру Путину о долгострое во Всеволожске: «Мой телефон теперь разрывается» Центр для участников СВО и решение вопросов водоснабжения: Что ждет ЛНР после прямой линии Владимира Путина СЛУШАЙТЕ ТАКЖЕ Россия и Украина почти договорились"
9,"В Димитрове поймали украинского боевика, который думал заработать на конфликте","В Дмитрове военнослужащие группировки войск «Центр» взяли в плен военнослужащий ВСУ Олега Христенко. В Дмитрове военнослужащие группировки войск «Центр» взяли в плен боевика ВСУ Олега Христенко. Он не был похож на украинского военнослужащего. Больше походил на героя советского культового фильма «Ирония судьбы, или С лёгким паром!» Женю Лукашина. Вышел к российским военнослужащим в какой-то меховой шапке и пальто. Пленный рассказал, что в ряды ВСУ пошел добровольно, за деньгами: «В основном за деньги. Надо за квартиру, алименты платить. В общем долги отдавать». О том, как учился воевать и попал в плен говорит кратко: «Закончили подготовку, недельку мы там побегали, начали переезжать. Были вчетвером на позиции, меня ранило. Был туман, и мы решили покинуть позицию. Пошли в ближайший подвал, переоделись в гражданские вещи. Сидели в подвале, грелись, курили и слышали, что подходили, слышали голоса. Мы уже поняли, что нам уже деваться некуда. Сказали, что если будет кто-то там шевелиться, пристрелим. Мы слушали команды, сказали лежать. В общем, сдались». За свой непродолжительный боевой путь Христенко заметил, что ВСУ несут в окруженном городе невосполнимые потери: «В Мирнограде (российском Димитрове) там много двухсотых. В общем, там ФПВ много летает. Командование все отправляет на позиции. Туда отправляются, а оттуда, уже или в плен, или «двухсотый. Рекомендую сдаваться в плен, потому что город окружен, и деваться некуда». Остается только удивляться разумным и грамотным действиям военнослужащих группировки войск «Центр», которые дарят таким украинским военнослужащим вторую жизнь. Эти пленные украинские боевики все больше напоминают Женю Лукашина, который в одной большой стране под Новый год ошибся городом и квартирой. СЛУШАЙТЕ ТАКЖЕ Россия и Украина почти договорились"
10,За неделю наши воины выбили противника из четырех поселков,"За неделю наши воины выбили противника из четырех поселков Минобороны России сообщило о массированном и шести групповых ударах, которые были нанесены с 13 декабря в ответ на террористические атаки Украины по гражданским объектам на территории России. Они наносились высокоточным оружием, в том числе аэробаллистическими гиперзвуковыми ракетами «Кинжал», в результате чего были поражены предприятия военной промышленности Украины, объекты энергетического комплекса, обеспечивавшие их работу, транспортная и портовая инфраструктура, используемая в интересах ВСУ, а также центр сборки и испытаний безэкипажных катеров ГУР, цеха сборки и места хранения ударных беспилотников дальнего действия, склады горючего и боеприпасов, а также пункты дислокации украинских боевиков и иностранных наемников. Официальный представитель Минобороны России Игорь Конашенков на прошедшем брифинге сообщил данные по потерям ВСУ. Так, в течение недели подразделения группировки войск «Север» уничтожили более 1425 украинских военнослужащих, подразделения группировки войск «Запад» - 1515, «Южной» группировки войск - 1310, «Центр» - 3505, «Восток» - 1795, «Днепр» - 370. Кроме 9920 украинских боевиков и иностранных наемников главком ВСУ Сырский за семь дней лишился: 93 полевых складов с боеприпасами и горючим, 10 танков, 90 бронемашин, 78 орудий, 27 станций РЭБ, а также более 467 автомобилей. В этих боях наши воины выбили противника из поселков: Новоплатоновка, Песчаное, Герасимовка и Варваровка. Подразделения «Центр» продолжает зачистку от окруженной группировки ВСУ города Димитров Донецкой Народной Республики, а также ведет активную зачистку от разрозненных формирований противника в районах Родинское, Светлое и Гришино. Генерал-лейтенант Конашенков отметил хорошую боевую работу подразделений противовоздушной обороны, средствами которых за неделю были сбиты девять управляемых авиационных бомб, оперативно-тактическая ракета «Гром-2», 20 американских реактивных снарядов системы залпового огня HIMARS, две управляемые ракеты большой дальности «Нептун» и 1689 ударных дронов ВСУ самолетного типа. БОЕВАЯ СВОДКА Всего с начала проведения специальной военной операции уничтожены: 669 - самолетов, 283 - вертолета. 103 867 - дронов. 640 - ЗРК. 26 606 - танков и бронемашин. 1 633 - РСЗО. 32 021 - орудий. 49 447 - единиц спецтехники. СЛУШАЙТЕ ТАКЖЕ Россия и Украина почти договорились"
11,"Роботы «малой авиации»: современные дроны разведывают, поражают цели и доставляют грузы","Большинство преподавателей имеют опыт применения дронов в реальных боевых условиях Фото: Елена ФЕДЯШЕВА. Перейти в Фотобанк КП Еще три года назад мало кто из экспертов предполагал, как изменится характер ведения боевых действий. И мог представить, что сотни бойцов заменят роботы и искусственный интеллект. Что именно они будут решать исход противостояния на поле боя. И именно их будут посылать на самые опасные участки фронта. Сегодня это стало реальностью, и даже появился новый род войск вооруженных сил России – беспилотных систем. . Фото: Елена ФЕДЯШЕВА. Перейти в Фотобанк КП ПРЕВОСХОДСТВО НА ПОЛЕ БОЯ На вооружении батальонов и полков БпС состоят комплексы с беспилотными летательными аппаратами наземного, воздушного и морского базирования. Причем работа по наращиванию их боевого состава и созданию новых частей и подразделений не прекращается. По данным Минобороны России, беспилотники ежемесячно поражают около 10 тысяч объектов противника – бронетехнику и фортификационные сооружения. Их активно используют для доставки материальных средств и боеприпасов, а также минирования местности и эвакуации раненых с поля боя. Сегодня у России существенное превосходство как в количестве, так и в эффективности использования дронов, которое открыто признает противник. Для организации применения беспилотных систем созданы соответствующие органы военного управления на всех уровнях, от тактического до стратегического. Качественно иным стало и оснащение ими войск. Большая часть поставляемых современных БПЛА имеет потенциал для дальнейшего развития и модернизации. . Фото: Елена ФЕДЯШЕВА. Перейти в Фотобанк КП ИСПЫТАТЕЛЬНЫЙ ЦЕНТР Создан Испытательный центр перспективных беспилотных технологий Минобороны России «Рубикон». За время его работы сформирована гибкая и универсальная структура, включающая боевые отряды, испытательные отделы, а также подразделения обеспечения. За 2025 год Центр уничтожил десятки тысяч целей, включая вооружение и военную технику, автомобили повышенной проходимости, средства связи, РЭБ, радиолокационные станции и объекты военной инфраструктуры. С его помощью подавлено около 45 тысяч FPV-дронов ВСУ. Для оперативной поставки вооружения и техники с предприятий оборонно-промышленного комплекса и так называемого «Народного ОПК» Минобороны создало механизм ускоренной разработки и оснащения подразделений беспилотных систем образцами вооружения, обладающими новыми боевыми возможностями, в том числе робототехническими комплексами воздушного, наземного и морского базирования. Ключевым звеном данного механизма является реализуемый ведомством проект «Военная технологическая инициатива» (Воентех), в рамках которого на системной основе проводится комплексный управляемый отбор и трансфер перспективных технологий гражданского и двойного назначения в военную сферу. . Фото: Елена ФЕДЯШЕВА. Перейти в Фотобанк КП ПОДГОТОВКА СПЕЦИАЛИСТОВ Большое внимание уделяется подготовке кадров для войск беспилотных систем. Специалистов для их эксплуатации и применения, а также противодействия дронам противника готовят в учебных центрах, вузах Минобороны России, военных учебных центрах при гражданских вузах, а также в общественных организациях и на предприятиях-изготовителях. В одном из таких учебных центров в Воронежской области побывал корреспондент «Комсомолки». Подготовку по различным направлениям беспилотных систем воздушного базирования здесь проходят как выпускники школ, так и участники СВО, уже имеющие боевой опыт работы с беспилотниками. – Сегодня без использования БПЛА выиграть битву на поле боя невозможно. Они выполняют задачи воздушной разведки, целеуказания, корректировки огня артиллерии, доставки грузов и поражения объектов противника, – рассказал нам Виталий Степанович, ведущий преподаватель подготовки БПЛА, обработки материалов воздушной разведки. – Использование беспилотников избавляет от неоправданных потерь личного состава и не дает противнику незаметно вести боевые действия. На современном этапе развития электроники и вычислительной техники беспилотные летательные аппараты все чаще станут получать функции самостоятельного принятия решений на поле боя. Их количество будет только увеличиваться, а круг выполняемых ими задач – расширяться. По словам специалиста, не имея превосходства в «малом воздухе», выиграть современную войну не получается. И следующее направление развития БПЛА – внедрение технологии искусственного интеллекта, использование роевых систем беспилотников, а также автоматизация применения БПЛА без участия человека. . Фото: Елена ФЕДЯШЕВА. Перейти в Фотобанк КП ЛИЧНЫЕ И ПРОФЕССИОНАЛЬНЫЕ КАЧЕСТВА Специалист в сфере БПЛА должен обладать большим набором знаний, умений, а также определенными физическими и личностными качествами. Так, оператору FPV-дронов необходимо иметь хорошую реакцию и крепкий вестибулярный аппарат. Для операторов разведывательных БПЛА актуальны острота зрения, способность различать мельчайшие детали на изображении и определять замаскированные объекты противника. А при доставке грузов требуется знание принципов аэродинамики. На базе учебного центра в Воронежской области готовят широкий спектр специалистов – от операторов FPV-дронов и БПЛА разведывательного типа до беспилотников средней дальности, в том числе – ударных. Большинство преподавателей в центре имеют опыт применения дронов в реальных боевых условиях – в сфере пилотирования и управления подразделениями беспилотных систем. . Фото: Елена ФЕДЯШЕВА. Перейти в Фотобанк КП ПЕРЕДОВОЙ ОПЫТ ИЗ ЗОНЫ СВО В современных условиях тактические приемы в сфере БПЛА меняются ежемесячно. Этот бесценный опыт с полей СВО оперативно передается в воронежский учебный центр. – Преподаватели лично ездят в командировки в зону спецоперации и изучают опыт применения беспилотных систем, чтобы передавать его нашим курсантам. Основной упор в обучении делается на знание тактики, конструкции БПЛА, а также технических отказов систем и того, как на них реагировать, – продолжает Виталий Степанович. Военнослужащие, которые проходят обучение в центре, высоко оценивают уровень подготовки. – Беспилотные системы – это наиболее развивающаяся сфера, где каждый день появляется что-то новое. Мой профиль – разведка. Не секрет, что многие мальчишки в детстве мечтают быть разведчиками и летчиками, – поделился с нами военнослужащий Михаил. – Моя будущая специальность – оператор-дешифровщик: я буду обрабатывать результаты военной разведки со спутников и БПЛА. Беспилотники сегодня – основное средство поражения на тактическом уровне. А разведка – основа планирования боевых действий. Но было бы неверно ограничивать применение беспилотных систем только военной сферой. Очевидно, что за БПЛА – огромное «гражданское» будущее. Уже сейчас они незаменимы в решении мирных задач в сельском хозяйстве, строительстве и экологии. ЧИТАЙТЕ ТАКЖЕ: Операторы сорвали под Харьковом ротацию украинских боевиков Воины Объединенной группировки войск ВС РФ ежедневно ведут целенаправленное огневое воздействие на противника (Подробнее) Десантник «Узбек» рассказал об универсальном российском боевом роботе «Курьер» Робототехнический комплекс ""Курьер"" ВС РФ отлично зарекомендовал себя в зоне СВО (Подробнее) СЛУШАЙТЕ ТАКЖЕ Россия и Украина почти договорились"
12,Северск наш: Казачья бригада из ЛНР помогала освобождать город в ДНР от боевиков ВСУ,"Фото: Минобороны РФ Несколько дней назад стало известно об освобождении российской армией ещё одного города. Свой вклад в штурм Северска сделала и казачья бригада из ЛНР. Наши военнослужащие рассказали о том, как брали город, и о фашистских методах, которые используют украинские военные против мирного населения и наших солдат. Северск — небольшой город ДНР с населением около 11 тысяч человек по данным на 2022 год. Он расположен на реке Бахмутка в бассейне Северского Донца. Перед его штурмом нашим бойцам предстояло преодолеть оборонительные сооружения ВСУ: противник создал сеть опорных пунктов с траншеями, блиндажами и долговременными огневыми точками. О ходе операции по взятию укреплений и города рассказали бойцы 6-й отдельной гвардейской мотострелковой Лисичанской казачьей бригады имени М. И. Платова. — Наше подразделение заходило по ЖД путям. Враг занимал позиции в дренажных трубах под железнодорожными путями. Мы уничтожали их обычными ТМ-ками (ТМ-62 — советская противотанковая мина, прим. авт.), закидывали им их в укрытие и продвигались дальше. Обнаружили и уничтожили систему РЭБ (РЭБ — радиоэлектронная борьба, системы подавления БПЛА, прим. авт.). Она не давала нормально летать нашим «птичкам», — говорит командир взвода роты В 6-й отдельной гвардейской мотострелковой Лисичанской казачьей бригады имени М. И. Платова (6 омсбр), позывной «Испанец». При штурме одной из позиций противника наши военные взяли в плен двоих из 54-й бригады, первого батальона ВФУ. Сдались они без сопротивления. Однако при обыске блиндажа была выявлена ужасная роль этих нелюдей — они использовали те же запрещённые методы ведения боев, что и фашисты. — Я осмотрел блиндаж: везде перчатки одноразовые валялись. А потом увидел, что они обрабатывали боеприпасы ядом, которые потом сбрасывали с дронов на нас. Яд у них уже был готовый в бутылочках, прямо так и было подписано — «яд №1» и «яд №2». Одна бутылочка красная, а другая зелёная, — вспоминает командир взвода. После того как наши бойцы выполнили задачу, закрепились, а потом отбили пару накатов, их начали травить газом — скидывали баллоны с дронов. Хорошо, что у всех были противогазы, и никто не пострадал. Так продолжалось два дня: командир приказал откатиться и зайти с другой стороны. Фото: Минобороны РФ После того как выбили противника на подступах, подразделения начали потихоньку заходить в город. Разведка зашла ночью, проследила в «теплячки» за движением противника, выявила их позиции и начала действовать. Малыми группами наши скрытно пробирались через подвалы, окна, подтягивали людей со всех сторон и брали противника в кольцо. — Наш штурмовой отряд прямо в лоб заходил через частный сектор. В первые пятиэтажки от поля зашли через окоп. Малыми штурмовыми группами, по два-три человека, накапливались и двигались дальше при взаимодействии с БПЛА и ребятами из первого и третьего батальонов. Начали штурмовать дом за домом. Сложности были от их FPV-дронов — они затрудняли нам передвижение. Было не то чтобы трудно, просто опасно. Надо было действовать шустро и быстро и не тормозить, — рассказывает «Испанец». Беспилотники играют главную роль в современных военных конфликтах. Они помогают штурмовикам при наступлении — с их помощью проводится разведка. Командиры в режиме реального времени координируют действия своих подразделений, указывая, как и где действовать в разных ситуациях. Для поддержки всегда дежурят несколько дронов, готовых подавить противника в укреплённых позициях. — Северск мы освободили, зачистили от фашистов, добили всех последних, кто там прикрывался гражданскими, кто убивал их на отходе. Мы будем двигаться дальше, пока у нас будет государственная задача. Будем идти в любую точку, куда нам скажут. Победа будет за нами, — твёрдо сказал командир взвода. У Лисичанской казачьей бригады мотивация для борьбы с неофашистами огромная. Они ведут эту борьбу с 2014 года и знают, с какой нечестью воюют. СЛУШАЙТЕ ТАКЖЕ Россия и Украина почти договорились"
13,Операторы сорвали под Харьковом ротацию украинских боевиков,"Наши воины уничтожают ретрансляторы ВСУ в Харьковской области Фото: скриншот видео. Минобороны России демонстрирует кадры боевой работы операторов войск беспилотных систем группировки «Север» в Харьковской области. На видеозаписи можно увидеть, как наши воины уничтожают роботизированную платформу и ретрансляторы ВСУ в Харьковской области. Операторы «стальной» бригады (116-й отдельной бригады особого назначения) Росгвардии в это время сорвали ротацию боевиков ВСУ в районе села Вильча Харьковской области. «Росгвардейцы в ходе воздушной разведки зафиксировали движение внедорожника. Оператор FPV-дрона оперативно навел беспилотник на движущуюся цель и поразил пикап с системой РЭБ точным ударом», - комментируют кадры в Росгвардии. В военном ведомстве отметили, что операторы беспилотных летательных аппаратов Объединенной группировки войск ВС РФ ежедневно ведут целенаправленное огневое воздействие на стратегически значимые объекты и военную технику Вооруженных сил Украины, тем самым способствуя успешному продвижению российских войск в Харьковской области. Ранее начальник Генерального штаба ВС РФ Валерий Герасимов на брифинге военным атташе иностранных государств отдельно сообщил об успехах на поле боя подразделений группировки войск «Север»: «После уничтожения формирований противника, вклинившихся в Курскую область, и выдавливания их остатков на территорию Украины, группировка войск «Север» осуществляет создание полосы безопасности в приграничных районах Сумской и Харьковской областей. В Сумской области под контроль российских войск перешли 18 населенных пунктов, ранее использовавшихся формированиями ВСУ для подготовки атак на приграничные районы Курской области». Герасимов также подчеркнул, что воины группировки войск «Север» после освобождения города Волчанск и еще девяти населенных пунктов в Харьковской области и продолжают расширение полосы безопасности. СЛУШАЙТЕ ТАКЖЕ Россия и Украина почти договорились"
14,Под Гуляйполе разбит целый автопарк пикапов ВСУ,"Срыв контратаки ВСУ в Гуляй-поле Минобороны России демонстрирует кадры боевой работы расчётов разведывательных и ударных БПЛА войск беспилотных систем группировки «Восток». «Операторы зафиксировали перемещение бронетранспортёра M113 и бронеавтомобиля Humvee, после чего расчётами ударных БПЛА по обнаруженным целям были нанесены последовательные точные удары, в результате которых бронетехника уничтожена на подступах к городской черте», - комментируют кадры в Минобороны России. На записи можно увидеть, как в том же районе наши операторы выявили пикапы, которыми украинские боевики пытались перебросить военнослужащих и боеприпасы. «Расчетами FPV-дронов автотранспорт был уничтожен. Город и прилегающие лесополосы находятся под устойчивым огневым контролем операторов войск беспилотных систем группировки «Восток», что ограничивает манёвр, перегруппировку и подвоз резервов противника», - комментируют в военном ведомстве. В ходе воздушной разведки операторы БПЛА войск беспилотных систем группировки «Восток» также передают координаты пунктов временной дислокации ВСУ, в городской застройке Гуляйполя танкистам. С закрытых позиций танкисты с орудий Т-80БВМ буквально складывают здания, откуда противник пытается вести малейшее сопротивление. Ранее начальник Генерального штаба ВС РФ Валерий Герасимов на брифинге с военными атташе иностранных государств отдельно рассказал об успехах на поле боя подразделений группировки войск «Восток»: «На запорожском направлении группировка войск «Восток», начиная с освобождения в октябре (3 октября) прошлого года Угледара, ведет наступательные действия практически без пауз и поддерживает высокие темпы наступления. В течение года на данном направлении взято под контроль около двух тыс. кв. км территории и 89 населенных пунктов». Он также уточнил, что в своей зоне ответственности группировка войск «Восток» полностью выбила украинских боевиков с территории Донецкой Народной Республики, успешно развивает наступление на территории Запорожской и Днепропетровской областей, ведет бои за овладение городом Запорожской области – Гуляйполе. «Операторы зафиксировали перемещение бронетранспортёра M113 и бронеавтомобиля Humvee, после чего расчётами ударных БПЛА по обнаруженным целям были нанесены последовательные точные удары, в результате которых бронетехника уничтожена на подступах к городской черте», - комментируют кадры в Минобороны России. На записи можно увидеть, как в том же районе наши операторы выявили пикапы, которыми украинские боевики пытались перебросить военнослужащих и боеприпасы. «Расчетами FPV-дронов автотранспорт был уничтожен. Город и прилегающие лесополосы находятся под устойчивым огневым контролем операторов войск беспилотных систем группировки «Восток», что ограничивает манёвр, перегруппировку и подвоз резервов противника», - комментируют военном ведомстве. В ходе воздушной разведки операторы БПЛА войск беспилотных систем группировки «Восток» также передают координаты пунктов временной дислокации ВСУ, в городской застройке Гуляйполя танкистам. С закрытых позиций танкисты с орудий Т-80БВМ буквально складывают здания, откуда противник пытается вести малейшее сопротивление. Ранее начальник Генерального штаба ВС РФ Валерий Герасимов на брифинге военным атташе иностранных государств отдельно рассказал об успехах на поле боя подразделений группировки войск «Восток»: «На запорожском направлении группировка войск «Восток», начиная с освобождения в октябре (3 октября) прошлого года Угледара, ведет наступательные действия практически без пауз и поддерживает высокие темпы наступления. В течение года на данном направлении взято под контроль около двух тыс. кв. км территории и 89 населенных пунктов». Он также уточнил, что в своей зоне ответственности группировка войск «Восток» полностью выбила украинских боевиков с территории Донецкой Народной Республики, успешно развивает наступление на территории Запорожской и Днепропетровской областей, ведет бои за овладение городом Запорожской области – Гуляйполе. ЧИТАЙТЕ ТАКЖЕ Беженцы рассказали как 1,5 года выживали под оккупацией украинских боевиков СЛУШАЙТЕ ТАКЖЕ Россия и Украина почти договорились"
15,Видео освобождения двух поселков в Днепропетровской области показали российские штурмовики,"Подходы к населённому пункту проходили по открытым участкам местности при активной работе вражеских БПЛА Минобороны России демонстрирует кадры боевой работы штурмовых подразделений 36-й гвардейской мотострелковой бригады 29-й армии группировки войск «Восток». В ходе последовательных наступательных действий военнослужащие освободили сходу населённые пункты Песчаное и Герасимовка в Днепропетровской области. Об освобождении населенных пунктов рассказал штурмовик с позывным «Мопед»: «Поступил приказ взять Песчаное. При подходе были трудности, но село зачистили. Потом сразу пошли на Герасимовку. Там была пулемётная точка: напарник отвлёк огнём, а я зашёл с тыла и зачистил». Развитие наступления позволило штурмовым подразделениям выдвинуться в сторону Герасимовки. Подходы к населённому пункту проходили по открытым участкам местности при активной работе вражеских БПЛА. Противник оказывал сильное сопротивление. О ночном переходе и последующих действиях рассказал штурмовик с позывным «Время»: «Реку переходили ночью, искали место, где безопаснее. Оружие и боеприпасы держали над водой. На рассвете зашли, зачистили и пошли дальше. В Герасимовке завязался стрелковый бой, противника окружили и потом дочистили блиндажи». На первом этапе подразделения группировки войск «Восток» форсировали реку Гайчур и приступили к штурму населённого пункта Песчаное. Противник занимал укреплённые позиции, активно использовал опорные пункты и беспилотные средства, однако был выбит с занимаемых рубежей. По словам штурмовика с позывным «Космос», одной из основных сложностей стало преодоление реки и ведение боёв на открытой местности: «Самое сложное — перейти реку Гайчур. Нашли брод, прошли. Песчаное залетели быстро, но местность открытая, противник хорошо окопался, много работали под «птичками». В Герасимовке было тяжелее — пулемётные точки, блиндажи, шли и гранатами, и в стрелковом бою». Штурмовик с позывным «Атаман» отметил роль внезапности и погодных условий: «В Герасимовке нас уже ждали, было больше стрелкового боя, но туман сыграл нам на руку». В военном ведомстве отметили, что освобождение Песчаного и Герасимовки стало важным этапом закрепления подразделений группировки войск «Восток» на западном берегу реки Гайчур и создало условия для дальнейшего развития наступательных действий на данном направлении. Ранее начальник Генерального штаба ВС РФ Валерий Герасимов на брифинге военным атташе иностранных государств отдельно остановился на успехах подразделений группировки войск «Восток»: «На запорожском направлении группировка войск «Восток», начиная с освобождения в октябре (3 октября) прошлого года Угледара, ведет наступательные действия практически без пауз и поддерживает высокие темпы наступления. В течение года на данном направлении взято под контроль около двух тыс. кв. км территории и 89 населенных пунктов». Он также уточнил, что в своей зоне ответственности группировка войск «Восток» полностью выбила украинских боевиков с территории Донецкой Народной Республики, успешно развивает наступление на территории Запорожской и Днепропетровской областей, ведет бои за овладение городом Запорожской области – Гуляйполе. Читайте также: Беженцы рассказали как 1,5 года выживали под оккупацией украинских боевиков Гвардейцы ВС РФ сразили «Молниями» врагов в Запорожье СЛУШАЙТЕ ТАКЖЕ Россия и Украина почти договорились"
16,...А донецкая «кондитерка» популярна в Китае!,"Донецкая кондитерская продукция экспортируется в Китай Фото: Евгения ГУСЕВА. Перейти в Фотобанк КП Темпы освобождения территорий на Донбассе и в соседних регионах увеличились. Освобождаются не только города и поселки — но и находившиеся там заводы и фабрики. Что с ними происходит, скоро ли они смогут заработать? На Радио «Комсомольская правда» говорили об этом с Иваном Лизаном, главой аналитического бюро «Сонар 2050». - Как дела с промышленностью на новых территориях — прирастает Россия новыми заводами и фабриками? - России достался такой упорный противник, который не оставляет нам иной возможности, кроме как приобретать еще территории. А, значит, и промышленных предприятий будет больше. - Достаются они в каком состоянии? - Пока почти всегда в состоянии руин, вроде «Азовстали» в Мариуполе. Но темпы продвижения российской армии, очевидно, ускорились. Значит, не за горами перелом, и каждый новый километр уже не будет даваться с таким трудом, и разрушенных заводов или шахт будет меньше, а в рабочем состоянии - больше. - Открытых статистических данных по четырем регионам нет? - Они либо неполные, либо засекреченные, по понятным причинам. Но есть индикатор - количество резидентов. Их было 365 к июню 2025 года. Сейчас около 400. Многие предприятия входят в Свободную экономическую зону (СЭЗ). Но туда до сих пор может что-то прилететь со стороны Украины. - Но есть же информация у Фонда развития промышленности (ФРП)? - Да, он занимается кредитованием бизнеса — под восполнение оборота средств. Если завод получил займ от ФРП — значит, у него все неплохо, и ближайшие годы он будет работать, раз ФРП рассчитывает на возврат выданного займа. - Какие отрасли Донбасса сейчас конкурентноспособны? - Ну вот донецкая кондитерская продукция экспортируется в Китай, например. Говорили с директором поддержки бизнеса в ДНР — и такую информацию получили. - А что кроме конфет для китайцев? - Есть сыровяленые колбасы из Макеевки - продукция вполне конкурентноспособная. До вас, наверное, маханы с курханами, это такие мясные продукты, еще не добрались — это во многом региональный продукт. Широко известна мелитопольская черешня — Украина даже требовала отказать России в регистрации этого бренда. В Таганроге вижу сковородки мелитопольские — очень крепкие. - А тяжелая промышленность? - В металлургии там тяжелые явления. «Норд» прошел через сильный кризис. Вообще от металлургии и углепрома многого ждать не стоит — ведь кризис в этих отраслях всеобщий в мире. Читайте также: Трамп в обращении к нации не объявил войну Венесуэле: что задумал президент США НАТО готовится к войне с Россией, но реально воевать боится: при нападении Европа понесет колоссальный ущерб СЛУШАЙТЕ ТАКЖЕ Россия и Украина почти договорились"
17,"Беженцы рассказали как 1,5 года выживали под оккупацией украинских боевиков","Кадры эвакуации военнослужащими Центр мирного населения Красноармейска Военнослужащие 2-й гвардейской общевойсковой армии группировки войск «Центр» эвакуировали из-под Красноармейска группу из пяти мирных граждан, которые пожелали перебраться в тыл российских войск. Военнослужащие активно помогают людям, перенося их вещи, а также обеспечивают их безопасность от средств воздушного нападения украинских боевиков. «На протяжении всего маршрута военнослужащие поддерживали связь с командованием и группой прикрытия, которые дежурили на точках встречи в тыловом районе для оперативного вывоза мирных жителей на автомобиле высокой проходимости», - комментируют кадры в Минобороны России. После эвакуации и размещения в пункте временного пребывания, где была оказана вся необходимая помощь и запущен процесс восстановления документов, граждане со слезами стали вспоминать о зверствах и грабежах, которые творили боевики ВСУ в Красноармейске. «Очень страшно было выходить на улицу, «Баба-Яга» летала, беспилотники падали с крыши. Сначала вставляли стекла, а потом уже перестали. Целлофаном затягивали окна. Украинские боевики года 1,5 у нас мародерили, в магазин даже не пускали гражданских, выгоняли на улицу. Заходили в подвалы домов и мирных людей расстреливали, как выпивали гранаты кидали. ТЦКшники заезжали, заламывали мужиков и похищали», - вспоминает эвакуированный житель Валерий Фомин. Жительница Красноармейской агломерации Наталья Регурецкая с котом на руках благодарит российских военнослужащих за их защиту и оказанную помощь: «Мальчики очень помогли, сумки несли. «Марсик» авдеевский котик, оттуда он он. Там снимали дом, его тоже разбомбило. Когда обстрелы начинались, он сразу под кровать прятался или в ванную. Обстрелы чувствовал. Предупреждал нас своим беспокойным поведением». «Мирные жители, желающие эвакуироваться из зоны боевых действий, покидают свои убежища, забирая с собой своих питомцев, и в сопровождении российских военнослужащих перемещаются в тыловые районы», - комментируют кадры в Минобороны России. ЧИТАЙТЕ ТАКЖЕ Какая судьба ждет офицеров-отказников ВСУ и какую подачку Трамп бросил Зеленскому: Последние новости о ситуации вокруг Украины СЛУШАЙТЕ ТАКЖЕ Россия и Украина почти договорились"
18,Гвардейцы ВС РФ сразили «Молниями» врагов в Запорожье," Фото: Министерство обороны РФ. В ходе выполнения задач в районе города Орехов Запорожской области операторы ударных беспилотных летательных аппаратов (БПЛА) самолетного типа «Молния-2» 58-й гвардейской общевойсковой армии группировки войск «Днепр» эффективно поражают живую силу, технику и укрепленные позиции противника. «В результате грамотно спланированных действий российскими военнослужащими была выполнена оперативная задача по ликвидации ключевых объектов ВСУ. Беспилотными комплексами «Молния-2» были поражены несколько замаскированных пунктов управления БПЛА, полевые укрытия, пулеметная огневая позиция ВСУ в здании», - комментируют кадры в военном ведомстве. Все цели были предварительно верифицированы с помощью средств воздушной разведки для исключения нахождения в зоне поражения гражданских лиц. В ходе этой воздушной операции было уничтожено до 10 военнослужащих ВСУ, укрывавшихся в гражданских постройках, используемых украинской стороной в военных целях. «Подразделения 58-й армии, широко применяя ударные и разведывательные БПЛА самолетного и коптерного типов, продолжают успешно выполнять задачи по огневому поражению противника, корректировке артиллерийского огня и круглосуточному мониторингу линии боевого соприкосновения», - отмечают в Минобороны России. СЛУШАЙТЕ ТАКЖЕ Россия и Украина почти договорились"
19,Десантник «Узбек» рассказал об универсальном российском боевом роботе «Курьер»," Фото: Министерство обороны РФ. Операторы отдельного батальона беспилотных систем Ульяновского гвардейского десантно-штурмового соединения показали, как обеспечивают передовые подразделения ВДВ на Ореховском направлении в Запорожской области с помощью наземных робототехнических комплексов (НРТК) «Курьер». «Роботы успешно обеспечивают снабжение передовых подразделений в условиях сложного рельефа, постоянного огневого воздействия артиллерии и БПЛА противника, где использование обычного транспорта затруднено, НРТК осуществляют своевременную доставку боеприпасов, материальных средств, провизии и беспилотных летательных аппаратов на линию боевого соприкосновения», - комментируют кадры в Минобороны России. Кроме задач снабжения, расчеты робототехнических комплексов ведут разведку и разминирование путей подвоза (сбрасывает на дистанционном управлении 10 противотанковых мин), а также оказывают огневую поддержку штурмовым группам. Установленное на платформах вооружение позволяет вести отвлекающие действия, способствуя успешному и внезапному продвижению наших подразделений. «Пока идет штурм, с другого фланга завожу робот с автоматическим гранатометом или пулеметом и отвлекаю огонь на себя», - поясняет оператор с позывным «Узбек». На обратном пути комплекс эвакуирует раненых военнослужащих. Однажды он вывез на себе десантника, преодолев около восьми километров по бездорожью. «Военнослужащий был своевременно доставлен в пункт сбора и передан медикам для дальнейшей госпитализации», - отмечают в военном ведомстве. Использование современных робототехнических средств позволяет выполнять задачи в любое время суток и практически в любых погодных условиях, повышая эффективность действий и сохраняя жизни личного состава. СЛУШАЙТЕ ТАКЖЕ Россия и Украина почти договорились"
20,Герой спецоперации «Z» Александр Скрипин привел штурмовую группу к победе,"Сержант Николай Бурдинский и Старший лейтенант Александр Скрипин Продолжаем знакомить с героями спецоперации «Z» - участниками боевых действий на Донбассе. Рядовыми, сержантами, ефрейторами и офицерами, что проявили свой профессиональный опыт, характер и выполнили боевые задачи. Их реши-мости, напористости и боевому опыту в Минобороны России, в подразделениях милиции Донецкой и Луганской Народных республик дают самую высокую оценку. Наши герои сорвали атаки и предотвратили контрнаступления националистов, за что и получили государственные награды. Но служат они не ради похвал. Военнослужащие уверены, что у врага нет шансов на успех, потому что Донбасс и Россия сражаются за правое дело. «Вся земля не стоит даже одной капли бесполезно пролитой крови», - предупреждал генералиссимус Александр Суворов, который не проиграл ни одного сражения. А воинам напоминал: «Дисциплина — мать победы». Сержант Николай Бурдинский «Сержант Николай Бурдинский выполнял боевую задачу в составе группы эвакуации на линии боевого соприкосновения с противником. Прибыв на назначенную позицию, Николай выдвинулся для эвакуации раненого военнослужащего. Несмотря на плотный огонь противника, Бурдинский добрался до боевого товарища и начал оказывать ему первую медицинскую помощь. Оказав первую медицинскую помощь, Николай приступил к эвакуации. Во время движения он заметил в воздухе разведывательный дрон противника. Понимая, что вражеский БПЛА может корректировать огонь по нему и его товарищу, Николай точными выстрелами уничтожил его и продолжил движение. Несмотря на это, противник атаковал их с помощью FPV-дрона. В результате детонации Николай получил легкое осколочное ранение. Проявив хладнокровие, Бурдинский оказал себе медицинскую помощь и продолжил движение, благодаря чему раненый боевой товарищ своевременно был доставлен до точки эвакуации. Благодаря мужественным и самоотверженным действиям сержанта Николая Бурдинского была спасена жизнь российского военнослужащего». Старший лейтенант Александр Скрипин «Старший лейтенант Александр Скрипин вместе со своим подразделением выполнял боевую задачу по овладению опорным пунктом противника. При передвижении к вражеским позициям Александр заметил в воздухе FPV-дрон противника, который приближался к его подразделению. Скрипин быстро сориентировался и метким огнем из личного стрелкового оружия поразил дрон врага, который сдетонировал в воздухе. Из-за детонации Александр получил легкое осколочное ранение, но продолжил руководить своим личным составом для выполнения боевой задачи. Несмотря на ожесточенное сопротивление врага, российская штурмовая группа под грамотным управлением Скрипина овладела вражеским опорным пунктом, уничтожив противника на позициях, без потерь среди личного состава. Благодаря профессионализму и грамотному руководству старшего лейтенанта Александра Скрипина штурмовая группа выполнила боевую задачу, заняв важные рубежи, что способствовало дальнейшему продвижению российских подразделений. СЛУШАЙТЕ ТАКЖЕ Россия и Украина почти договорились"
21,Воспитанницы Пансиона Минобороны России выступили в перед ранеными военнослужащими," Фото: Министерство обороны РФ. Начальник Управления военного образования – заместитель начальника Главного управления кадров Минобороны России генерал-майор Игорь Муравлянников вручил военнослужащим – участникам специальной военной операции документы об окончании курса дополнительного профобразования и государственные награды. Награждение воинов прошло в многопрофильной клинике Военно-медицинской академии имени С.М.Кирова. «Выпускники получили удостоверения о повышении квалификации по программе «Мобилизационная работа в военных комиссариатах», а более сорока военнослужащих, проходящих реабилитацию, получили назначения на новые воинские должности. Полученные в центре новые специальности позволят военнослужащим, получившим ранения различной степени тяжести, продолжить службу на новых воинских должностях в организациях Минобороны России», - комментируют кадры в военном ведомстве. Кроме того, 70-ти отличившимся военнослужащим за личное мужество, отвагу и самоотверженность, проявленные при выполнении боевых задач, вручены государственные награды, в числе которых ордена Мужества, медали «За отвагу», «За Храбрость» II степени, «Суворова», «Жукова» и «За спасение погибавших», медали Министерства обороны РФ «За боевые отличия», «За воинскую доблесть» I и II степени и «Участнику специальной военной операции». Большинству награждаемых присвоены очередные воинские и первые офицерские звания. Генерал-майор Игорь Муравлянников от имени руководства Минобороны России поблагодарил и поздравил военнослужащих с заслуженными наградами, а также подчеркнул, что после выписки они сами, а также члены их семей могут всегда обратиться за лечением в военные медучреждения и Военно-медицинскую академию. Мероприятие завершилось Новогодним сюрпризом для военнослужащих –творческие коллективы Пансиона воспитанниц Минобороны России исполнили свои художественные и песенные номера и подарили подарки участникам спецоперации."
22,В Ростовской области растет число желающих заключить контракт с армией," Фото: Министерство обороны РФ. Специалисты пункта отбора на военную службу по контракту Южного военного округа (ЮВО) в Ростовской области сообщили о росте числа граждан, желающих поступить на военную службу по контракту. Комментирует кадры Тамерлан Казак, инструктор пункта отбора на военную службу по контракту: «По сравнению с аналогичным периодом прошлого года на данный момент мы видим существенный прирост оформляющихся граждан на военную службу по контракту. Мы делаем все, что бы Россия победила!». Все желающие заключить контракт обращаются в пункт отбора с соответствующим заявлением, проходят медкомиссию. А на все оформление необходимых документов для поступления на службу уходит не более суток. Кстати, это норма соблюдается вне зависимости от того, на территории какого субъекта Российской Федерации постоянно проживает гражданин. «Пошел служить по контракту, чтобы защитить своих близких, чтобы враг не прошел», - отметил кандидат на военную службу по контракту Дмитрий С. Кандидаты, подписавшие контракт с Минобороны России, убывают к местам прохождения военной службы уже в статусе военнослужащих. После прибытия военнослужащих в воинскую часть, они будут зачислены в списки личного состава подразделения, поставлены на все виды довольствия и приступят к прохождению курса интенсивной общевойсковой подготовки на полигонах ЮВО. СЛУШАЙТЕ ТАКЖЕ Россия и Украина почти договорились"
23,Какая судьба ждет офицеров-отказников ВСУ и какую подачку Трамп бросил Зеленскому: Последние новости о ситуации вокруг Украины," Фото: REUTERS. Бывший боец ВСУ Никита Афанасьев по приговору суда отправился в колонию в Чите. И вместо того, чтобы вступить на путь исправления и шить варежки, в Забайкалье он пытался вербовать заключенных. Подбивал их повоевать на стороне украинской армии. Сегодня ему 36. А в 2014 было всего 25. Тогда Афанасьев отправился воевать за ВСУ - чтобы убивать русских людей на в Донбассе. Через год он подал заявление на получение украинского гражданства. Удивительно, но тогда он получил отказ. И уже в России получил срок за покушение на убийство. В исправительной колонии в Чите Афанасьев стал втирать заключённым, осуждённым за изнасилования и убийства несовершеннолетних, что вступить в ряды ВСУ - это как бы поменять масть, ну, после того, как они откинутся. Рамсы попутал. Теперь этот паровоз не полетит. Руди Кеннес, евродепутат из Бельгии, заявил, что ЕС не помогает, а мешает достижению мирного соглашения по Украине. Кеннес сообщил, что ЕС хочет сидеть за столом переговоров, но отказывается общаться с Россией. По его данным, любые инициативы или предложения от России или США, блокируются без каких-либо альтернатив. Он сказал: «Я вижу в ЕС часть проблемы, а не решение для достижения мирного соглашения». По его мнению, отказ Брюсселя от диалога с Москвой является частью нежелания участвовать в мирных инициативах и ведёт к продолжению войны. А кто-то в этом сомневался? Дональд Трамп в пятничную ночь подписал оборонный бюджет, где были заложены 400 млн долларов для нужд киевского режима. Ранее Трамп сообщал, что США теперь продают оружие НАТО по полной цене, ну а потом уже в Брюсселе решают – продавать ли это американское оружие Киеву, или нет. Высокая степень цинизма. Президент США Дональд Трамп Фото: REUTERS. Игорь Кимаковский, советник главы ДНР, сообщил, что командование ВСУ отправляет на штурм командиров 225-го отдельного штурмового полка. Причина – они виноваты в огромных потерях в Гуляйполе. А могли бы раньше геройски погибнуть… Бывший помощник президента Украины Леонида Кучмы Олег Соскин полагает, что после отказа премьера Венгрии Виктора Орбана проголосовать за предложение ЕС по конфискации российских активов, Владимир Зеленский использовал бы против Будапешта закарпатских венгров. Соскин заявил: «Могут произойти очень жёсткие события, особенно учитывая венгров Закарпатья. Их теперь в Киеве будут использовать, чтобы Орбана попытаться обуздать». А закарпатским венграм вот этот Киев – авторитет? Владимир Зеленский Фото: REUTERS. Минувшей ночью ВС РФ нанесли серию ударов по объектам энергоинфраструктуры самостийной. Повреждения объектов зафиксированы в Черкассах, Кривом Роге и Вознесенске Николаевской области. В Черкассах отмечают попадания по энергетическому объекту. Возник пожар. В городе начались перебои с электроснабжением. В Вознесенске Николаевской области также пострадал объекта энергетики. Нарушены подача электричества, сбои в работе системы водоснабжения. В Кривом Роге зафиксировано попадание в энергетическую инфраструктуру. Есть сообщения о взрывах в Сумах и Сумской области. Гасите свет, громадяне! В Донецке 30-летний британец Уильям Дэвис получил 13 лет колонии строгого режима. В августе 2024 года Дэвис прибыл в город Тернополь. Там заключил договор с интернациональным легионом обороны Украины. Прошел ускоренную подготовку. Был направлен на фрона. Прошлой зимой попал в плен. На допросах показал, что 12 его сослуживцев в Донбассе сбежали после получения «преступных приказов командования ВСУ». Почему не сбежал с ними – будет объяснять уже в колонии. Издание «Украинская правда» дала интервью с детективом НАБУ Русланом Магамедрасуловым. Он рассказал, что в деле «Мидас» имеются существенные вещественные доказательства причастности Андрея Ермака, бывшего главы офиса Владимира Зеленского, к коррупционному делу с участием предпринимателя Тимура Миндича. По словам детектива, ситуация с независимостью бюро остается критической. И попытки давления на НАБУ и Специализированную антикоррупционную прокуратуру могут продолжиться. Так вы Трампу просто позвоните – и он все разрулит Группировка войск «Север» нанесла ВСУ такой урон: до 150 боевиков, бронемашина, 8 автомобилей, два артиллерийских орудия, две станции РЭБ и РЛС станцию RADA израильского производства. Группировка войск «Запад» выбила из рядов ВСУ до 200 бойцов, БТР М113 производства США, две турецкие бронемашины Cobra, 13 автомобилей, две станции РЭБ и два склада боеприпасов.От действий Южной группировки войск противник потерял более 195 человек. Поражены 4 боевые бронемашины, 14 автомобилей, три орудия полевой артиллерии, две станции РЭБ и три склада боеприпасов. Группировка войск «Центр» вывела из строя свыше 545 военнослужащих. Подбиты 5 бронемашин, 10 автомобилей и два артиллерийских орудия. Группировка войск «Восток» уничтожила до 245 националистов. А также четыре бронемашины, 12 автомобилей и три склада материальных средств.Подразделения группировки войск «Днепр» нивелировала до 70 боевиков. Утилизированы 21 автомобиль, два орудия полевой артиллерии и два склада материальных средств. Силы ПВО сбили 216 беспилотников самолётного типа. СЛУШАЙТЕ ТАКЖЕ Россия и Украина почти договорились"
